epoch,train_loss,train_acc,val_loss,val_acc
1,1.051308948607479,0.47093403004572176,0.7869971263699416,0.6920731707317073
2,0.591141631290229,0.7740039190071848,0.3684265482716444,0.8841463414634146
