epoch,train_loss,train_acc,val_loss,val_acc
1,0.9785331522304976,0.495754408883083,0.7146877442918173,0.7103658536585366
2,0.5703793080081977,0.7726975832789027,0.4580204203361418,0.8170731707317073
