{
  "paper": {
    "precision": 1.0,
    "recall": 0.9439252336448598,
    "f1-score": 0.9711538461538461,
    "support": 107.0
  },
  "rock": {
    "precision": 0.9819819819819819,
    "recall": 1.0,
    "f1-score": 0.990909090909091,
    "support": 109.0
  },
  "scissors": {
    "precision": 0.9658119658119658,
    "recall": 1.0,
    "f1-score": 0.9826086956521739,
    "support": 113.0
  },
  "accuracy": 0.9817629179331308,
  "macro avg": {
    "precision": 0.9825979825979826,
    "recall": 0.9813084112149534,
    "f1-score": 0.981557210905037,
    "support": 329.0
  },
  "weighted avg": {
    "precision": 0.9822881099476843,
    "recall": 0.9817629179331308,
    "f1-score": 0.9816332372530338,
    "support": 329.0
  }
}