{
  "paper": {
    "precision": 1.0,
    "recall": 0.8411214953271028,
    "f1-score": 0.9137055837563451,
    "support": 107.0
  },
  "rock": {
    "precision": 0.9478260869565217,
    "recall": 1.0,
    "f1-score": 0.9732142857142857,
    "support": 109.0
  },
  "scissors": {
    "precision": 0.8951612903225806,
    "recall": 0.9823008849557522,
    "f1-score": 0.9367088607594937,
    "support": 113.0
  },
  "accuracy": 0.9422492401215805,
  "macro avg": {
    "precision": 0.947662459093034,
    "recall": 0.9411407934276182,
    "f1-score": 0.9412095767433749,
    "support": 329.0
  },
  "weighted avg": {
    "precision": 0.9467059856678189,
    "recall": 0.9422492401215805,
    "f1-score": 0.94132205431796,
    "support": 329.0
  }
}