{
  "test_loss": 0.047897948338197244,
  "test_acc": 0.9817629179331308
}