{
  "test_loss": 0.2258428844728006,
  "test_acc": 0.9422492401215805
}