{
  "arch": "medium",
  "params": {
    "lr": 0.002,
    "batch": 64,
    "dropout": 0.1,
    "epochs": 12
  },
  "mean_val_acc": 0.95913253919949,
  "std_val_acc": 0.014847142526030614,
  "folds": [
    0.956989247311828,
    0.9489247311827957,
    0.9435483870967742,
    0.9596774193548387,
    0.9865229110512129
  ]
}