{
  "model_id": "large",
  "mean_val_acc": 0.973645491340525,
  "std_val_acc": 0.0053086249340684784,
  "folds": [
    0.9725806451612903,
    0.967741935483871,
    0.9806138933764136
  ]
}