{
  "model_id": "large",
  "mean_val_acc": 0.9827861448399258,
  "folds": [
    0.9838709677419355,
    0.9822580645161291,
    0.9822294022617124
  ]
}